date,cpi_index,savings_rate,deposit_3m,deposit_6m,deposit_12m,usd_ngn,cpi_vintage,source_cpi,source_rates,source_fx
2014-01,153.3,3.27,9.29,9.4,9.04,160.23,Nov 2009=100 (pre-2025 rebase),NBS CPI - Headline All Items,CBN Money Market Indicators,CBN official USD/NGN
2014-02,154.03,3.26,9.48,9.6,9.3,163.62,Nov 2009=100 (pre-2025 rebase),NBS CPI - Headline All Items,CBN Money Market Indicators,CBN official USD/NGN
2014-03,155.23,3.38,9.47,10.14,9.3,164.61,Nov 2009=100 (pre-2025 rebase),NBS CPI - Headline All Items,CBN Money Market Indicators,CBN official USD/NGN
2014-04,156.19,3.42,9.38,10.07,9.69,162.19,Nov 2009=100 (pre-2025 rebase),NBS CPI - Headline All Items,CBN Money Market Indicators,CBN official USD/NGN
2014-05,157.41,3.41,9.42,9.76,9.29,161.86,Nov 2009=100 (pre-2025 rebase),NBS CPI - Headline All Items,CBN Money Market Indicators,CBN official USD/NGN
2014-06,158.62,3.42,9.3,9.52,9.19,162.82,Nov 2009=100 (pre-2025 rebase),NBS CPI - Headline All Items,CBN Money Market Indicators,CBN official USD/NGN
2014-07,159.65,3.41,9.35,9.47,9.11,162.25,Nov 2009=100 (pre-2025 rebase),NBS CPI - Headline All Items,CBN Money Market Indicators,CBN official USD/NGN
2014-08,160.42,3.24,8.54,8.7,7.47,161.99,Nov 2009=100 (pre-2025 rebase),NBS CPI - Headline All Items,CBN Money Market Indicators,CBN official USD/NGN
2014-09,161.31,3.43,9.31,9.48,9.31,162.93,Nov 2009=100 (pre-2025 rebase),NBS CPI - Headline All Items,CBN Money Market Indicators,CBN official USD/NGN
2014-10,162.13,3.43,9.33,9.5,9.23,164.64,Nov 2009=100 (pre-2025 rebase),NBS CPI - Headline All Items,CBN Money Market Indicators,CBN official USD/NGN
2014-11,163.1,3.43,9.7,9.79,9.46,171.1,Nov 2009=100 (pre-2025 rebase),NBS CPI - Headline All Items,CBN Money Market Indicators,CBN official USD/NGN
2014-12,164.4,3.46,9.48,9.77,9.51,180.33,Nov 2009=100 (pre-2025 rebase),NBS CPI - Headline All Items,CBN Money Market Indicators,CBN official USD/NGN
2015-01,165.77,3.48,9.64,9.74,9.51,181.78,Nov 2009=100 (pre-2025 rebase),NBS CPI - Headline All Items,CBN Money Market Indicators,CBN official USD/NGN
2015-02,166.9,3.47,9.54,9.46,9.37,194.48,Nov 2009=100 (pre-2025 rebase),NBS CPI - Headline All Items,CBN Money Market Indicators,CBN official USD/NGN
2015-03,168.42,3.76,9.02,9.88,9.52,197.07,Nov 2009=100 (pre-2025 rebase),NBS CPI - Headline All Items,CBN Money Market Indicators,CBN official USD/NGN
2015-04,169.7,3.6,8.65,8.26,6.48,197.0,Nov 2009=100 (pre-2025 rebase),NBS CPI - Headline All Items,CBN Money Market Indicators,CBN official USD/NGN
2015-05,171.58,3.6,8.93,8.56,7.18,197.0,Nov 2009=100 (pre-2025 rebase),NBS CPI - Headline All Items,CBN Money Market Indicators,CBN official USD/NGN
2015-06,173.21,3.6,10.27,10.81,10.83,196.92,Nov 2009=100 (pre-2025 rebase),NBS CPI - Headline All Items,CBN Money Market Indicators,CBN official USD/NGN
2015-07,174.34,3.63,10.26,10.79,11.43,196.97,Nov 2009=100 (pre-2025 rebase),NBS CPI - Headline All Items,CBN Money Market Indicators,CBN official USD/NGN
2015-08,175.34,3.63,10.32,10.85,11.21,197.0,Nov 2009=100 (pre-2025 rebase),NBS CPI - Headline All Items,CBN Money Market Indicators,CBN official USD/NGN
2015-09,176.46,3.72,10.61,10.89,11.21,197.0,Nov 2009=100 (pre-2025 rebase),NBS CPI - Headline All Items,CBN Money Market Indicators,CBN official USD/NGN
2015-10,177.2,3.71,9.14,9.11,7.72,196.99,Nov 2009=100 (pre-2025 rebase),NBS CPI - Headline All Items,CBN Money Market Indicators,CBN official USD/NGN
2015-11,178.37,3.47,6.49,5.66,4.8,196.99,Nov 2009=100 (pre-2025 rebase),NBS CPI - Headline All Items,CBN Money Market Indicators,CBN official USD/NGN
2015-12,180.15,3.33,6.91,5.78,4.88,196.99,Nov 2009=100 (pre-2025 rebase),NBS CPI - Headline All Items,CBN Money Market Indicators,CBN official USD/NGN
2016-01,181.71,3.29,6.74,5.98,5.12,197.0,Nov 2009=100 (pre-2025 rebase),NBS CPI - Headline All Items,CBN Money Market Indicators,CBN official USD/NGN
2016-02,185.89,3.29,6.79,5.91,5.22,197.0,Nov 2009=100 (pre-2025 rebase),NBS CPI - Headline All Items,CBN Money Market Indicators,CBN official USD/NGN
2016-03,189.9,3.26,6.9,5.97,5.29,197.0,Nov 2009=100 (pre-2025 rebase),NBS CPI - Headline All Items,CBN Money Market Indicators,CBN official USD/NGN
2016-04,192.99,3.54,6.83,5.63,5.27,197.0,Nov 2009=100 (pre-2025 rebase),NBS CPI - Headline All Items,CBN Money Market Indicators,CBN official USD/NGN
2016-05,198.3,3.57,6.96,6.37,5.38,197.0,Nov 2009=100 (pre-2025 rebase),NBS CPI - Headline All Items,CBN Money Market Indicators,CBN official USD/NGN
2016-06,201.7,3.61,6.92,6.59,5.17,231.76,Nov 2009=100 (pre-2025 rebase),NBS CPI - Headline All Items,CBN Money Market Indicators,CBN official USD/NGN
2016-07,204.23,3.89,7.44,7.8,5.09,294.57,Nov 2009=100 (pre-2025 rebase),NBS CPI - Headline All Items,CBN Money Market Indicators,CBN official USD/NGN
2016-08,206.29,3.93,8.0,8.36,5.22,309.73,Nov 2009=100 (pre-2025 rebase),NBS CPI - Headline All Items,CBN Money Market Indicators,CBN official USD/NGN
2016-09,207.96,4.05,7.68,7.47,5.75,305.23,Nov 2009=100 (pre-2025 rebase),NBS CPI - Headline All Items,CBN Money Market Indicators,CBN official USD/NGN
2016-10,209.68,4.08,8.25,8.27,6.25,305.21,Nov 2009=100 (pre-2025 rebase),NBS CPI - Headline All Items,CBN Money Market Indicators,CBN official USD/NGN
2016-11,211.33,4.28,8.63,9.63,10.14,305.18,Nov 2009=100 (pre-2025 rebase),NBS CPI - Headline All Items,CBN Money Market Indicators,CBN official USD/NGN
2016-12,213.56,4.18,8.8,10.23,10.76,305.22,Nov 2009=100 (pre-2025 rebase),NBS CPI - Headline All Items,CBN Money Market Indicators,CBN official USD/NGN
2017-01,215.72,4.22,8.88,10.31,10.77,305.2,Nov 2009=100 (pre-2025 rebase),NBS CPI - Headline All Items,CBN Money Market Indicators,CBN official USD/NGN
2017-02,218.95,4.22,9.13,10.4,10.37,305.31,Nov 2009=100 (pre-2025 rebase),NBS CPI - Headline All Items,CBN Money Market Indicators,CBN official USD/NGN
2017-03,222.71,4.23,9.11,10.56,10.57,306.4,Nov 2009=100 (pre-2025 rebase),NBS CPI - Headline All Items,CBN Money Market Indicators,CBN official USD/NGN
2017-04,226.27,4.24,9.46,10.64,10.38,306.05,Nov 2009=100 (pre-2025 rebase),NBS CPI - Headline All Items,CBN Money Market Indicators,CBN official USD/NGN
2017-05,230.53,4.08,9.41,10.57,11.33,305.54,Nov 2009=100 (pre-2025 rebase),NBS CPI - Headline All Items,CBN Money Market Indicators,CBN official USD/NGN
2017-06,234.17,4.08,9.01,10.68,11.15,305.72,Nov 2009=100 (pre-2025 rebase),NBS CPI - Headline All Items,CBN Money Market Indicators,CBN official USD/NGN
2017-07,237.01,4.08,9.71,11.24,10.27,305.86,Nov 2009=100 (pre-2025 rebase),NBS CPI - Headline All Items,CBN Money Market Indicators,CBN official USD/NGN
2017-08,239.32,4.08,10.14,11.51,11.4,305.67,Nov 2009=100 (pre-2025 rebase),NBS CPI - Headline All Items,CBN Money Market Indicators,CBN official USD/NGN
2017-09,241.19,4.08,10.26,11.46,11.7,305.89,Nov 2009=100 (pre-2025 rebase),NBS CPI - Headline All Items,CBN Money Market Indicators,CBN official USD/NGN
2017-10,243.03,4.08,10.09,11.5,10.8,305.62,Nov 2009=100 (pre-2025 rebase),NBS CPI - Headline All Items,CBN Money Market Indicators,CBN official USD/NGN
2017-11,244.93,4.08,9.84,11.05,10.71,305.9,Nov 2009=100 (pre-2025 rebase),NBS CPI - Headline All Items,CBN Money Market Indicators,CBN official USD/NGN
2017-12,246.38,4.08,9.61,11.14,10.93,306.31,Nov 2009=100 (pre-2025 rebase),NBS CPI - Headline All Items,CBN Money Market Indicators,CBN official USD/NGN
2018-01,248.35,4.07,10.63,11.72,11.24,305.78,Nov 2009=100 (pre-2025 rebase),NBS CPI - Headline All Items,CBN Money Market Indicators,CBN official USD/NGN
2018-02,250.32,4.07,10.05,11.3,10.67,305.9,Nov 2009=100 (pre-2025 rebase),NBS CPI - Headline All Items,CBN Money Market Indicators,CBN official USD/NGN
2018-03,252.41,4.07,9.72,10.93,10.21,305.74,Nov 2009=100 (pre-2025 rebase),NBS CPI - Headline All Items,CBN Money Market Indicators,CBN official USD/NGN
2018-04,254.52,4.07,9.89,10.71,10.03,305.61,Nov 2009=100 (pre-2025 rebase),NBS CPI - Headline All Items,CBN Money Market Indicators,CBN official USD/NGN
2018-05,257.29,4.07,9.97,10.62,9.96,305.83,Nov 2009=100 (pre-2025 rebase),NBS CPI - Headline All Items,CBN Money Market Indicators,CBN official USD/NGN
2018-06,260.47,4.07,9.38,10.15,10.05,305.87,Nov 2009=100 (pre-2025 rebase),NBS CPI - Headline All Items,CBN Money Market Indicators,CBN official USD/NGN
2018-07,263.42,4.07,9.45,10.02,10.26,305.81,Nov 2009=100 (pre-2025 rebase),NBS CPI - Headline All Items,CBN Money Market Indicators,CBN official USD/NGN
2018-08,266.18,4.07,9.51,9.84,9.95,306.06,Nov 2009=100 (pre-2025 rebase),NBS CPI - Headline All Items,CBN Money Market Indicators,CBN official USD/NGN
2018-09,268.41,4.07,9.44,9.76,10.08,306.27,Nov 2009=100 (pre-2025 rebase),NBS CPI - Headline All Items,CBN Money Market Indicators,CBN official USD/NGN
2018-10,270.39,4.07,9.47,10.15,10.46,306.5,Nov 2009=100 (pre-2025 rebase),NBS CPI - Headline All Items,CBN Money Market Indicators,CBN official USD/NGN
2018-11,272.56,4.07,9.41,10.11,10.43,306.71,Nov 2009=100 (pre-2025 rebase),NBS CPI - Headline All Items,CBN Money Market Indicators,CBN official USD/NGN
2018-12,274.57,4.07,9.5,10.49,10.33,306.92,Nov 2009=100 (pre-2025 rebase),NBS CPI - Headline All Items,CBN Money Market Indicators,CBN official USD/NGN
2019-01,276.6,4.07,9.69,10.65,10.66,306.85,Nov 2009=100 (pre-2025 rebase),NBS CPI - Headline All Items,CBN Money Market Indicators,CBN official USD/NGN
2019-02,278.62,4.07,9.68,10.34,10.74,306.77,Nov 2009=100 (pre-2025 rebase),NBS CPI - Headline All Items,CBN Money Market Indicators,CBN official USD/NGN
2019-03,280.81,3.97,9.48,10.09,10.23,306.92,Nov 2009=100 (pre-2025 rebase),NBS CPI - Headline All Items,CBN Money Market Indicators,CBN official USD/NGN
2019-04,283.46,3.91,9.15,10.36,10.7,306.96,Nov 2009=100 (pre-2025 rebase),NBS CPI - Headline All Items,CBN Money Market Indicators,CBN official USD/NGN
2019-05,286.61,3.9,9.12,10.32,10.42,306.95,Nov 2009=100 (pre-2025 rebase),NBS CPI - Headline All Items,CBN Money Market Indicators,CBN official USD/NGN
2019-06,289.69,3.93,9.1,10.84,10.57,306.95,Nov 2009=100 (pre-2025 rebase),NBS CPI - Headline All Items,CBN Money Market Indicators,CBN official USD/NGN
2019-07,292.62,3.93,8.85,10.37,10.18,306.94,Nov 2009=100 (pre-2025 rebase),NBS CPI - Headline All Items,CBN Money Market Indicators,CBN official USD/NGN
2019-08,295.51,3.93,8.93,10.19,9.82,306.93,Nov 2009=100 (pre-2025 rebase),NBS CPI - Headline All Items,CBN Money Market Indicators,CBN official USD/NGN
2019-09,298.59,3.2,8.96,10.31,9.97,306.92,Nov 2009=100 (pre-2025 rebase),NBS CPI - Headline All Items,CBN Money Market Indicators,CBN official USD/NGN
2019-10,301.78,3.93,8.7,9.95,9.73,306.96,Nov 2009=100 (pre-2025 rebase),NBS CPI - Headline All Items,CBN Money Market Indicators,CBN official USD/NGN
2019-11,304.87,3.31,8.59,9.88,9.73,306.95,Nov 2009=100 (pre-2025 rebase),NBS CPI - Headline All Items,CBN Money Market Indicators,CBN official USD/NGN
2019-12,307.47,3.89,,7.48,9.03,306.95,Nov 2009=100 (pre-2025 rebase),NBS CPI - Headline All Items,CBN Money Market Indicators,CBN official USD/NGN
2020-01,310.16,3.89,5.85,7.07,8.01,306.96,Nov 2009=100 (pre-2025 rebase),NBS CPI - Headline All Items,CBN Money Market Indicators,CBN official USD/NGN
2020-02,312.61,3.89,6.17,7.08,8.02,306.96,Nov 2009=100 (pre-2025 rebase),NBS CPI - Headline All Items,CBN Money Market Indicators,CBN official USD/NGN
2020-03,315.23,3.89,6.15,6.84,8.61,326.63,Nov 2009=100 (pre-2025 rebase),NBS CPI - Headline All Items,CBN Money Market Indicators,CBN official USD/NGN
2020-04,318.45,3.69,5.99,6.28,7.68,361.0,Nov 2009=100 (pre-2025 rebase),NBS CPI - Headline All Items,CBN Money Market Indicators,CBN official USD/NGN
2020-05,322.17,3.83,5.67,5.91,7.63,361.0,Nov 2009=100 (pre-2025 rebase),NBS CPI - Headline All Items,CBN Money Market Indicators,CBN official USD/NGN
2020-06,326.07,3.78,4.7,4.98,7.12,361.0,Nov 2009=100 (pre-2025 rebase),NBS CPI - Headline All Items,CBN Money Market Indicators,CBN official USD/NGN
2020-07,330.14,3.78,4.31,4.83,5.89,377.19,Nov 2009=100 (pre-2025 rebase),NBS CPI - Headline All Items,CBN Money Market Indicators,CBN official USD/NGN
2020-08,334.57,3.78,4.05,4.41,4.89,381.0,Nov 2009=100 (pre-2025 rebase),NBS CPI - Headline All Items,CBN Money Market Indicators,CBN official USD/NGN
2020-09,339.52,2.41,3.7,3.74,5.37,381.0,Nov 2009=100 (pre-2025 rebase),NBS CPI - Headline All Items,CBN Money Market Indicators,CBN official USD/NGN
2020-10,344.73,1.87,3.52,2.72,4.99,381.0,Nov 2009=100 (pre-2025 rebase),NBS CPI - Headline All Items,CBN Money Market Indicators,CBN official USD/NGN
2020-11,350.26,1.84,2.9,2.84,4.89,381.0,Nov 2009=100 (pre-2025 rebase),NBS CPI - Headline All Items,CBN Money Market Indicators,CBN official USD/NGN
2020-12,355.91,2.04,2.74,2.65,5.99,381.0,Nov 2009=100 (pre-2025 rebase),NBS CPI - Headline All Items,CBN Money Market Indicators,CBN official USD/NGN
2021-01,361.23,1.86,2.88,2.74,5.01,381.0,Nov 2009=100 (pre-2025 rebase),NBS CPI - Headline All Items,CBN Money Market Indicators,CBN official USD/NGN
2021-02,366.8,1.79,3.13,3.22,5.36,381.0,Nov 2009=100 (pre-2025 rebase),NBS CPI - Headline All Items,CBN Money Market Indicators,CBN official USD/NGN
2021-03,372.51,1.86,3.05,2.8,4.94,381.0,Nov 2009=100 (pre-2025 rebase),NBS CPI - Headline All Items,CBN Money Market Indicators,CBN official USD/NGN
2021-04,376.14,1.86,3.32,3.5,5.78,381.0,Nov 2009=100 (pre-2025 rebase),NBS CPI - Headline All Items,CBN Money Market Indicators,CBN official USD/NGN
2021-05,379.94,1.83,4.0,4.47,6.14,397.145833,Nov 2009=100 (pre-2025 rebase),NBS CPI - Headline All Items,CBN Money Market Indicators,CBN official USD/NGN
2021-06,383.96,1.81,4.96,5.14,6.54,409.664762,Nov 2009=100 (pre-2025 rebase),NBS CPI - Headline All Items,CBN Money Market Indicators,CBN official USD/NGN
2021-07,387.51,1.82,4.78,4.83,6.3,409.632632,Nov 2009=100 (pre-2025 rebase),NBS CPI - Headline All Items,CBN Money Market Indicators,CBN official USD/NGN
2021-08,391.48,1.82,4.8,5.3,6.73,409.653182,Nov 2009=100 (pre-2025 rebase),NBS CPI - Headline All Items,CBN Money Market Indicators,CBN official USD/NGN
2021-09,395.98,1.28,4.65,5.83,6.72,410.016818,Nov 2009=100 (pre-2025 rebase),NBS CPI - Headline All Items,CBN Money Market Indicators,CBN official USD/NGN
2021-10,399.87,1.28,5.02,5.61,7.4,410.412632,Nov 2009=100 (pre-2025 rebase),NBS CPI - Headline All Items,CBN Money Market Indicators,CBN official USD/NGN
2021-11,404.18,1.83,4.96,5.36,7.34,410.805455,Nov 2009=100 (pre-2025 rebase),NBS CPI - Headline All Items,CBN Money Market Indicators,CBN official USD/NGN
2021-12,411.52,1.25,4.94,4.82,6.79,411.132857,Nov 2009=100 (pre-2025 rebase),NBS CPI - Headline All Items,CBN Money Market Indicators,CBN official USD/NGN
2022-01,417.58,1.25,5.0,4.67,5.86,414.535,Nov 2009=100 (pre-2025 rebase),NBS CPI - Headline All Items,CBN Money Market Indicators,CBN official USD/NGN
2022-02,424.39,1.25,4.48,4.56,5.84,416.149,Nov 2009=100 (pre-2025 rebase),NBS CPI - Headline All Items,CBN Money Market Indicators,CBN official USD/NGN
2022-03,431.8,1.28,4.41,4.53,5.82,415.827391,Nov 2009=100 (pre-2025 rebase),NBS CPI - Headline All Items,CBN Money Market Indicators,CBN official USD/NGN
2022-04,439.4,1.28,4.44,4.98,5.46,415.401579,Nov 2009=100 (pre-2025 rebase),NBS CPI - Headline All Items,CBN Money Market Indicators,CBN official USD/NGN
2022-05,447.23,1.37,4.7,5.68,5.73,415.075165,Nov 2009=100 (pre-2025 rebase),NBS CPI - Headline All Items,CBN Money Market Indicators,CBN official USD/NGN
2022-06,455.35,1.38,4.55,4.97,5.3,415.024762,Nov 2009=100 (pre-2025 rebase),NBS CPI - Headline All Items,CBN Money Market Indicators,CBN official USD/NGN
2022-07,463.63,1.42,4.96,5.87,5.76,415.105263,Nov 2009=100 (pre-2025 rebase),NBS CPI - Headline All Items,CBN Money Market Indicators,CBN official USD/NGN
2022-08,471.83,2.93,6.79,7.8,7.07,419.972727,Nov 2009=100 (pre-2025 rebase),NBS CPI - Headline All Items,CBN Money Market Indicators,CBN official USD/NGN
2022-09,478.24,4.08,6.99,7.4,6.53,428.749524,Nov 2009=100 (pre-2025 rebase),NBS CPI - Headline All Items,CBN Money Market Indicators,CBN official USD/NGN
2022-10,484.19,3.77,8.01,7.43,7.07,436.115556,Nov 2009=100 (pre-2025 rebase),NBS CPI - Headline All Items,CBN Money Market Indicators,CBN official USD/NGN
2022-11,490.94,3.93,8.45,8.98,7.87,441.879273,Nov 2009=100 (pre-2025 rebase),NBS CPI - Headline All Items,CBN Money Market Indicators,CBN official USD/NGN
2022-12,499.34,4.13,8.79,8.68,8.22,445.9705,Nov 2009=100 (pre-2025 rebase),NBS CPI - Headline All Items,CBN Money Market Indicators,CBN official USD/NGN
2023-01,508.7,4.29,8.76,7.35,7.79,454.970476,Nov 2009=100 (pre-2025 rebase),NBS CPI - Headline All Items,CBN Money Market Indicators,CBN official USD/NGN
2023-02,517.37,4.3,7.78,8.91,8.84,460.426,Nov 2009=100 (pre-2025 rebase),NBS CPI - Headline All Items,CBN Money Market Indicators,CBN official USD/NGN
2023-03,526.97,4.58,7.63,9.35,7.84,460.431364,Nov 2009=100 (pre-2025 rebase),NBS CPI - Headline All Items,CBN Money Market Indicators,CBN official USD/NGN
2023-04,537.03,4.59,7.92,9.84,8.18,460.4175,Nov 2009=100 (pre-2025 rebase),NBS CPI - Headline All Items,CBN Money Market Indicators,CBN official USD/NGN
2023-05,547.45,5.13,7.95,9.84,8.23,460.702381,Nov 2009=100 (pre-2025 rebase),NBS CPI - Headline All Items,CBN Money Market Indicators,CBN official USD/NGN
2023-06,559.12,5.18,7.68,8.54,7.83,607.748889,Nov 2009=100 (pre-2025 rebase),NBS CPI - Headline All Items,CBN Money Market Indicators,CBN official USD/NGN
2023-07,575.27,5.24,7.62,8.25,7.81,769.816524,Nov 2009=100 (pre-2025 rebase),NBS CPI - Headline All Items,CBN Money Market Indicators,CBN official USD/NGN
2023-08,593.56,5.26,7.55,8.3,8.13,761.620348,Nov 2009=100 (pre-2025 rebase),NBS CPI - Headline All Items,CBN Money Market Indicators,CBN official USD/NGN
2023-09,606.03,5.26,7.52,8.44,8.49,761.327158,Nov 2009=100 (pre-2025 rebase),NBS CPI - Headline All Items,CBN Money Market Indicators,CBN official USD/NGN
2023-10,616.52,5.26,8.57,8.93,8.79,796.438,Nov 2009=100 (pre-2025 rebase),NBS CPI - Headline All Items,CBN Money Market Indicators,CBN official USD/NGN
2023-11,629.39,5.26,7.53,9.95,9.06,832.67581,Nov 2009=100 (pre-2025 rebase),NBS CPI - Headline All Items,CBN Money Market Indicators,CBN official USD/NGN
2023-12,643.75,5.28,7.56,8.42,9.75,898.897632,Nov 2009=100 (pre-2025 rebase),NBS CPI - Headline All Items,CBN Money Market Indicators,CBN official USD/NGN
2024-01,660.8,5.28,9.26,8.29,9.93,941.256023,Nov 2009=100 (pre-2025 rebase),NBS CPI - Headline All Items,CBN Money Market Indicators,CBN official USD/NGN
2024-02,681.38,5.86,9.89,9.61,10.75,1504.820524,Nov 2009=100 (pre-2025 rebase),NBS CPI - Headline All Items,CBN Money Market Indicators,CBN official USD/NGN
2024-03,701.92,6.28,10.9,10.54,11.04,1510.8432,Nov 2009=100 (pre-2025 rebase),NBS CPI - Headline All Items,CBN Money Market Indicators,CBN official USD/NGN
2024-04,717.96,6.29,11.65,11.74,11.23,1236.557722,Nov 2009=100 (pre-2025 rebase),NBS CPI - Headline All Items,CBN Money Market Indicators,CBN official USD/NGN
2024-05,733.31,6.68,,,,1435.567818,Nov 2009=100 (pre-2025 rebase),NBS CPI - Headline All Items,CBN Money Market Indicators,CBN official USD/NGN
2024-06,750.28,6.67,,,,1481.766235,Nov 2009=100 (pre-2025 rebase),NBS CPI - Headline All Items,CBN Money Market Indicators,CBN official USD/NGN
2024-07,767.41,6.74,,,,1557.570125,Nov 2009=100 (pre-2025 rebase),NBS CPI - Headline All Items,CBN Money Market Indicators,CBN official USD/NGN
2024-08,784.39,6.75,,,,1586.939455,Nov 2009=100 (pre-2025 rebase),NBS CPI - Headline All Items,CBN Money Market Indicators,CBN official USD/NGN
2024-09,804.2,6.79,,,,1617.7167,Nov 2009=100 (pre-2025 rebase),NBS CPI - Headline All Items,CBN Money Market Indicators,CBN official USD/NGN
2024-10,825.4,6.79,,,,1640.663864,Nov 2009=100 (pre-2025 rebase),NBS CPI - Headline All Items,CBN Money Market Indicators,CBN official USD/NGN
2024-11,847.16,6.56,9.53,12.13,14.22,1670.276429,Nov 2009=100 (pre-2025 rebase),NBS CPI - Headline All Items,CBN Money Market Indicators,CBN official USD/NGN
2024-12,867.77,7.51,,,,1553.253995,Nov 2009=100 (pre-2025 rebase),NBS CPI - Headline All Items,CBN Money Market Indicators,CBN official USD/NGN
